audit_date,task,status,array_index,profile_rows,checkpoint_epoch_zero_based,checkpoint_global_step,optimizer_state,scheduler_state,prediction_artifact,resume_checkpoint
2026-09-10,N002/pair01_A,complete,,1771,,,,,N002/pair01_A/predictions/soto_2021_weber_2024/queueNB_DataN2_hc3b8a4_Loss-rNB1p0-cPCC0p5-cVSTPCC0p5-Gamma0p0-Reducetranscript_balanced-NBModestandard_nb-Alphalearned-Beta0p0_Sampling_transcript_grouped_multidataset_pairs_GammaRawB8p0_GammaCtrFixedRefEqual_FeatPresetBaseline_SeqFeatBase/common_test_L_profiles.parquet,
2026-09-10,N002/pair01_B,complete,,1771,,,,,N002/pair01_B/predictions/muller_2023_suzuki_2020/queueNB_DataN2_h23329d_Loss-rNB1p0-cPCC0p5-cVSTPCC0p5-Gamma0p0-Reducetranscript_balanced-NBModestandard_nb-Alphalearned-Beta0p0_Sampling_transcript_grouped_multidataset_pairs_GammaRawB8p0_GammaCtrFixedRefEqual_FeatPresetBaseline_SeqFeatBase/common_test_L_profiles.parquet,
2026-09-10,N002/pair02_A,complete,,1771,,,,,N002/pair02_A/predictions/han_2021_kito_2023/queueNB_DataN2_h180496_Loss-rNB1p0-cPCC0p5-cVSTPCC0p5-Gamma0p0-Reducetranscript_balanced-NBModestandard_nb-Alphalearned-Beta0p0_Sampling_transcript_grouped_multidataset_pairs_GammaRawB8p0_GammaCtrFixedRefEqual_FeatPresetBaseline_SeqFeatBase/common_test_L_profiles.parquet,
2026-09-10,N002/pair02_B,complete,,1771,,,,,N002/pair02_B/predictions/iwasaki_2018_soto_2021/queueNB_DataN2_hae1fb3_Loss-rNB1p0-cPCC0p5-cVSTPCC0p5-Gamma0p0-Reducetranscript_balanced-NBModestandard_nb-Alphalearned-Beta0p0_Sampling_transcript_grouped_multidataset_pairs_GammaRawB8p0_GammaCtrFixedRefEqual_FeatPresetBaseline_SeqFeatBase/common_test_L_profiles.parquet,
2026-09-10,N002/pair03_A,complete,,1771,,,,,N002/pair03_A/predictions/wei_2022_wu_2021/queueNB_DataN2_h726dea_Loss-rNB1p0-cPCC0p5-cVSTPCC0p5-Gamma0p0-Reducetranscript_balanced-NBModestandard_nb-Alphalearned-Beta0p0_Sampling_transcript_grouped_multidataset_pairs_GammaRawB8p0_GammaCtrFixedRefEqual_FeatPresetBaseline_SeqFeatBase/common_test_L_profiles.parquet,
2026-09-10,N002/pair03_B,complete,,1771,,,,,N002/pair03_B/predictions/eliseeva_2024_han_2021/queueNB_DataN2_h4b17fd_Loss-rNB1p0-cPCC0p5-cVSTPCC0p5-Gamma0p0-Reducetranscript_balanced-NBModestandard_nb-Alphalearned-Beta0p0_Sampling_transcript_grouped_multidataset_pairs_GammaRawB8p0_GammaCtrFixedRefEqual_FeatPresetBaseline_SeqFeatBase/common_test_L_profiles.parquet,
2026-09-10,N005/pair01_A,complete,,1771,,,,,N005/pair01_A/predictions/barrington_2023_iwasaki_2018_tang_2017_wu_2021_zhu_2024/queueNB_DataN5_ha653e4_Loss-rNB1p0-cPCC0p5-cVSTPCC0p5-Gamma0p0-Reducetranscript_balanced-NBModestandard_nb-Alphalearned-Beta0p0_Sampling_transcript_grouped_multidataset_pairs_GammaRawB8p0_GammaCtrFixedRefEqual_FeatPresetBaseline_SeqFeatBase/common_test_L_profiles.parquet,
2026-09-10,N005/pair01_B,complete,,1771,,,,,N005/pair01_B/predictions/mazor_2018_mazor_2018_chx_wan_2016_weber_2020_weber_2020_ctr/queueNB_DataN5_h4a19a3_Loss-rNB1p0-cPCC0p5-cVSTPCC0p5-Gamma0p0-Reducetranscript_balanced-NBModestandard_nb-Alphalearned-Beta0p0_Sampling_transcript_grouped_multidataset_pairs_GammaRawB8p0_GammaCtrFixedRefEqual_FeatPresetBaseline_SeqFeatBase/common_test_L_profiles.parquet,
2026-09-10,N005/pair02_A,complete,,1771,,,,,N005/pair02_A/predictions/cipullo_2023_iwasaki_2018_santos_2026_sidrauski_2015_weber_2022/queueNB_DataN5_hf0d9dc_Loss-rNB1p0-cPCC0p5-cVSTPCC0p5-Gamma0p0-Reducetranscript_balanced-NBModestandard_nb-Alphalearned-Beta0p0_Sampling_transcript_grouped_multidataset_pairs_GammaRawB8p0_GammaCtrFixedRefEqual_FeatPresetBaseline_SeqFeatBase/common_test_L_profiles.parquet,
2026-09-10,N005/pair02_B,complete,,1771,,,,,N005/pair02_B/predictions/matsuura_suzuki_2022_sauer_2019_wilczynska_2019_wu_2020_hek_zhou_2024/queueNB_DataN5_h75f5e2_Loss-rNB1p0-cPCC0p5-cVSTPCC0p5-Gamma0p0-Reducetranscript_balanced-NBModestandard_nb-Alphalearned-Beta0p0_Sampling_transcript_grouped_multidataset_pairs_GammaRawB8p0_GammaCtrFixedRefEqual_FeatPresetBaseline_SeqFeatBase/common_test_L_profiles.parquet,
2026-09-10,N005/pair03_A,complete,,1771,,,,,N005/pair03_A/predictions/akichika_2019_huang_2026_sharma_2020_dmso_weber_2020_weber_2020_ctr/queueNB_DataN5_h764d12_Loss-rNB1p0-cPCC0p5-cVSTPCC0p5-Gamma0p0-Reducetranscript_balanced-NBModestandard_nb-Alphalearned-Beta0p0_Sampling_transcript_grouped_multidataset_pairs_GammaRawB8p0_GammaCtrFixedRefEqual_FeatPresetBaseline_SeqFeatBase/common_test_L_profiles.parquet,
2026-09-10,N005/pair03_B,complete,,1771,,,,,N005/pair03_B/predictions/apostolopoulos_2024_Cas13_apostolopoulos_2024_dCas13_m6atrans_2025_shichino_2024_weber_2024/queueNB_DataN5_h658896_Loss-rNB1p0-cPCC0p5-cVSTPCC0p5-Gamma0p0-Reducetranscript_balanced-NBModestandard_nb-Alphalearned-Beta0p0_Sampling_transcript_grouped_multidataset_pairs_GammaRawB8p0_GammaCtrFixedRefEqual_FeatPresetBaseline_SeqFeatBase/common_test_L_profiles.parquet,
2026-09-10,N010/pair01_A,complete,,1771,,,,,N010/pair01_A/predictions/10_datasets_mix_191718/queueNB_DataN10_hdbed8b_Loss-rNB1p0-cPCC0p5-cVSTPCC0p5-Gamma0p0-Reducetranscript_balanced-NBModestandard_nb-Alphalearned-Beta0p0_Sampling_transcript_grouped_multidataset_pairs_GammaRawB8p0_GammaCtrFixedRefEqual_FeatPresetBaseline_SeqFeatBase/common_test_L_profiles.parquet,
2026-09-10,N010/pair01_B,complete,,1771,,,,,N010/pair01_B/predictions/10_datasets_mix_a4cff9/queueNB_DataN10_h958930_Loss-rNB1p0-cPCC0p5-cVSTPCC0p5-Gamma0p0-Reducetranscript_balanced-NBModestandard_nb-Alphalearned-Beta0p0_Sampling_transcript_grouped_multidataset_pairs_GammaRawB8p0_GammaCtrFixedRefEqual_FeatPresetBaseline_SeqFeatBase/common_test_L_profiles.parquet,
2026-09-10,N010/pair02_A,complete,,1771,,,,,N010/pair02_A/predictions/10_datasets_mix_22cad3/queueNB_DataN10_h0f1c97_Loss-rNB1p0-cPCC0p5-cVSTPCC0p5-Gamma0p0-Reducetranscript_balanced-NBModestandard_nb-Alphalearned-Beta0p0_Sampling_transcript_grouped_multidataset_pairs_GammaRawB8p0_GammaCtrFixedRefEqual_FeatPresetBaseline_SeqFeatBase/common_test_L_profiles.parquet,
2026-09-10,N010/pair02_B,complete,,1771,,,,,N010/pair02_B/predictions/10_datasets_mix_824398/queueNB_DataN10_h7cfc4e_Loss-rNB1p0-cPCC0p5-cVSTPCC0p5-Gamma0p0-Reducetranscript_balanced-NBModestandard_nb-Alphalearned-Beta0p0_Sampling_transcript_grouped_multidataset_pairs_GammaRawB8p0_GammaCtrFixedRefEqual_FeatPresetBaseline_SeqFeatBase/common_test_L_profiles.parquet,
2026-09-10,N010/pair03_A,complete,,1771,,,,,N010/pair03_A/predictions/10_datasets_mix_731936/queueNB_DataN10_h4e1996_Loss-rNB1p0-cPCC0p5-cVSTPCC0p5-Gamma0p0-Reducetranscript_balanced-NBModestandard_nb-Alphalearned-Beta0p0_Sampling_transcript_grouped_multidataset_pairs_GammaRawB8p0_GammaCtrFixedRefEqual_FeatPresetBaseline_SeqFeatBase/common_test_L_profiles.parquet,
2026-09-10,N010/pair03_B,complete,,1771,,,,,N010/pair03_B/predictions/10_datasets_mix_b7bbe7/queueNB_DataN10_h7b83dd_Loss-rNB1p0-cPCC0p5-cVSTPCC0p5-Gamma0p0-Reducetranscript_balanced-NBModestandard_nb-Alphalearned-Beta0p0_Sampling_transcript_grouped_multidataset_pairs_GammaRawB8p0_GammaCtrFixedRefEqual_FeatPresetBaseline_SeqFeatBase/common_test_L_profiles.parquet,
2026-09-10,N020/pair01_A,complete,,1771,,,,,N020/pair01_A/predictions/20_datasets_mix_36e74e/queueNB_DataN20_h43ee4f_Loss-rNB1p0-cPCC0p5-cVSTPCC0p5-Gamma0p0-Reducetranscript_balanced-NBModestandard_nb-Alphalearned-Beta0p0_Sampling_transcript_grouped_multidataset_pairs_GammaRawB8p0_GammaCtrFixedRefEqual_FeatPresetBaseline_SeqFeatBase/common_test_L_profiles.parquet,
2026-09-10,N020/pair01_B,complete,,1771,,,,,N020/pair01_B/predictions/20_datasets_mix_0d2847/queueNB_DataN20_h1b6b03_Loss-rNB1p0-cPCC0p5-cVSTPCC0p5-Gamma0p0-Reducetranscript_balanced-NBModestandard_nb-Alphalearned-Beta0p0_Sampling_transcript_grouped_multidataset_pairs_GammaRawB8p0_GammaCtrFixedRefEqual_FeatPresetBaseline_SeqFeatBase/common_test_L_profiles.parquet,
2026-09-10,N020/pair02_A,complete,,1771,,,,,N020/pair02_A/predictions/20_datasets_mix_63eb1d/queueNB_DataN20_h4fd785_Loss-rNB1p0-cPCC0p5-cVSTPCC0p5-Gamma0p0-Reducetranscript_balanced-NBModestandard_nb-Alphalearned-Beta0p0_Sampling_transcript_grouped_multidataset_pairs_GammaRawB8p0_GammaCtrFixedRefEqual_FeatPresetBaseline_SeqFeatBase/common_test_L_profiles.parquet,
2026-09-10,N020/pair02_B,complete,,1771,,,,,N020/pair02_B/predictions/20_datasets_mix_a0b1db/queueNB_DataN20_hc6cf07_Loss-rNB1p0-cPCC0p5-cVSTPCC0p5-Gamma0p0-Reducetranscript_balanced-NBModestandard_nb-Alphalearned-Beta0p0_Sampling_transcript_grouped_multidataset_pairs_GammaRawB8p0_GammaCtrFixedRefEqual_FeatPresetBaseline_SeqFeatBase/common_test_L_profiles.parquet,
2026-09-10,N020/pair03_A,resume,8,,11,4776,True,True,,N020/pair03_A/checkpoints/20_datasets_mix_e36fbd/queueNB_DataN20_h9f5afa_Loss-rNB1p0-cPCC0p5-cVSTPCC0p5-Gamma0p0-Reducetranscript_balanced-NBModestandard_nb-Alphalearned-Beta0p0_Sampling_transcript_grouped_multidataset_pairs_GammaRawB8p0_GammaCtrFixedRefEqual_FeatPresetBaseline_SeqFeatBase/real_exp8_N020_pair03_A/last.ckpt
2026-09-10,N020/pair03_B,resume,9,,1,784,True,True,,N020/pair03_B/checkpoints/20_datasets_mix_87ba8d/queueNB_DataN20_hbf2c5f_Loss-rNB1p0-cPCC0p5-cVSTPCC0p5-Gamma0p0-Reducetranscript_balanced-NBModestandard_nb-Alphalearned-Beta0p0_Sampling_transcript_grouped_multidataset_pairs_GammaRawB8p0_GammaCtrFixedRefEqual_FeatPresetBaseline_SeqFeatBase/real_exp8_N020_pair03_B/last.ckpt
2026-09-10,N040/pair01_A,complete,,1771,,,,,N040/pair01_A/predictions/40_datasets_mix_17cf2d/queueNB_DataN40_h936a15_Loss-rNB1p0-cPCC0p5-cVSTPCC0p5-Gamma0p0-Reducetranscript_balanced-NBModestandard_nb-Alphalearned-Beta0p0_Sampling_transcript_grouped_multidataset_pairs_GammaRawB8p0_GammaCtrFixedRefEqual_FeatPresetBaseline_SeqFeatBase/common_test_L_profiles.parquet,
2026-09-10,N040/pair01_B,complete,,1771,,,,,N040/pair01_B/predictions/40_datasets_mix_3794d5/queueNB_DataN40_hc5d3c7_Loss-rNB1p0-cPCC0p5-cVSTPCC0p5-Gamma0p0-Reducetranscript_balanced-NBModestandard_nb-Alphalearned-Beta0p0_Sampling_transcript_grouped_multidataset_pairs_GammaRawB8p0_GammaCtrFixedRefEqual_FeatPresetBaseline_SeqFeatBase/common_test_L_profiles.parquet,
2026-09-10,N040/pair02_A,resume,4,,18,7638,True,True,,N040/pair02_A/checkpoints/40_datasets_mix_98abf6/queueNB_DataN40_h5f8ea2_Loss-rNB1p0-cPCC0p5-cVSTPCC0p5-Gamma0p0-Reducetranscript_balanced-NBModestandard_nb-Alphalearned-Beta0p0_Sampling_transcript_grouped_multidataset_pairs_GammaRawB8p0_GammaCtrFixedRefEqual_FeatPresetBaseline_SeqFeatBase/real_exp8_N040_pair02_A/last.ckpt
2026-09-10,N040/pair02_B,fresh_start,5,,,,,,,
2026-09-10,N040/pair03_A,resume,6,,21,8954,True,True,,N040/pair03_A/checkpoints/40_datasets_mix_28d82c/queueNB_DataN40_hbf122c_Loss-rNB1p0-cPCC0p5-cVSTPCC0p5-Gamma0p0-Reducetranscript_balanced-NBModestandard_nb-Alphalearned-Beta0p0_Sampling_transcript_grouped_multidataset_pairs_GammaRawB8p0_GammaCtrFixedRefEqual_FeatPresetBaseline_SeqFeatBase/real_exp8_N040_pair03_A/last.ckpt
2026-09-10,N040/pair03_B,resume,7,,27,11424,True,True,,N040/pair03_B/checkpoints/40_datasets_mix_118202/queueNB_DataN40_hb73759_Loss-rNB1p0-cPCC0p5-cVSTPCC0p5-Gamma0p0-Reducetranscript_balanced-NBModestandard_nb-Alphalearned-Beta0p0_Sampling_transcript_grouped_multidataset_pairs_GammaRawB8p0_GammaCtrFixedRefEqual_FeatPresetBaseline_SeqFeatBase/real_exp8_N040_pair03_B/last.ckpt
2026-09-10,N080/subset01,resume,1,,34,14525,True,True,,N080/subset01/checkpoints/80_datasets_mix_7cc507/queueNB_DataN80_h0dba51_Loss-rNB1p0-cPCC0p5-cVSTPCC0p5-Gamma0p0-Reducetranscript_balanced-NBModestandard_nb-Alphalearned-Beta0p0_Sampling_transcript_grouped_multidataset_pairs_GammaRawB8p0_GammaCtrFixedRefEqual_FeatPresetBaseline_SeqFeatBase/real_exp8_N080_subset01/last.ckpt
2026-09-10,N080/subset02,resume,2,,33,14042,True,True,,N080/subset02/checkpoints/80_datasets_mix_edfad5/queueNB_DataN80_h6c15ad_Loss-rNB1p0-cPCC0p5-cVSTPCC0p5-Gamma0p0-Reducetranscript_balanced-NBModestandard_nb-Alphalearned-Beta0p0_Sampling_transcript_grouped_multidataset_pairs_GammaRawB8p0_GammaCtrFixedRefEqual_FeatPresetBaseline_SeqFeatBase/real_exp8_N080_subset02/last.ckpt
2026-09-10,N080/subset03,resume,3,,29,12390,True,True,,N080/subset03/checkpoints/80_datasets_mix_34ddbf/queueNB_DataN80_h670af1_Loss-rNB1p0-cPCC0p5-cVSTPCC0p5-Gamma0p0-Reducetranscript_balanced-NBModestandard_nb-Alphalearned-Beta0p0_Sampling_transcript_grouped_multidataset_pairs_GammaRawB8p0_GammaCtrFixedRefEqual_FeatPresetBaseline_SeqFeatBase/real_exp8_N080_subset03/last.ckpt
2026-09-10,N114/full,resume,0,,25,10842,True,True,,N114/full/checkpoints/114_datasets_mix_587510/queueNB_DataN114_haf41ed_Loss-rNB1p0-cPCC0p5-cVSTPCC0p5-Gamma0p0-Reducetranscript_balanced-NBModestandard_nb-Alphalearned-Beta0p0_Sampling_transcript_grouped_multidataset_pairs_GammaRawB8p0_GammaCtrFixedRefEqual_FeatPresetBaseline_SeqFeatBase/real_exp8_N114_full/last.ckpt
