kind,metric,arm,unit,value
test_cross_panel,PCC,shared_only,panel_01/panel_02,0.74651527008357
test_cross_panel,PCC,shared_only,panel_01/panel_03,0.8408267625475304
test_cross_panel,PCC,shared_only,panel_01/panel_04,0.8438037460718641
test_cross_panel,PCC,shared_only,panel_02/panel_03,0.7533150141181029
test_cross_panel,PCC,shared_only,panel_02/panel_04,0.7640577442695403
test_cross_panel,PCC,shared_only,panel_03/panel_04,0.8436414937945901
test_cross_panel,RMSE,shared_only,panel_01/panel_02,0.5540156141180516
test_cross_panel,RMSE,shared_only,panel_01/panel_03,0.4108842411682583
test_cross_panel,RMSE,shared_only,panel_01/panel_04,0.3907875424582883
test_cross_panel,RMSE,shared_only,panel_02/panel_03,0.5446314368646613
test_cross_panel,RMSE,shared_only,panel_02/panel_04,0.5086100573095267
test_cross_panel,RMSE,shared_only,panel_03/panel_04,0.3997012350593442
test_cross_panel,peak_Jaccard,shared_only,panel_01/panel_02,0.3919123053163991
test_cross_panel,peak_Jaccard,shared_only,panel_01/panel_03,0.4818670039458878
test_cross_panel,peak_Jaccard,shared_only,panel_01/panel_04,0.4891070850281818
test_cross_panel,peak_Jaccard,shared_only,panel_02/panel_03,0.3975266428581808
test_cross_panel,peak_Jaccard,shared_only,panel_02/panel_04,0.4232519576776067
test_cross_panel,peak_Jaccard,shared_only,panel_03/panel_04,0.4996724534506784
selected_validation_fit,PCC,shared_only,panel_01,0.19773830473423
selected_validation_fit,PCC,shared_only,panel_02,0.1841944754123687
selected_validation_fit,PCC,shared_only,panel_03,0.2017455697059631
selected_validation_fit,PCC,shared_only,panel_04,0.1904293894767761
selected_validation_fit,replica_NLL,shared_only,panel_01,0.4651902318000793
selected_validation_fit,replica_NLL,shared_only,panel_02,0.4627438187599182
selected_validation_fit,replica_NLL,shared_only,panel_03,0.4835044741630554
selected_validation_fit,replica_NLL,shared_only,panel_04,0.4654043018817901
test_cross_panel,PCC,equal,panel_01/panel_02,0.7783538584294134
test_cross_panel,PCC,equal,panel_01/panel_03,0.8188889662443152
test_cross_panel,PCC,equal,panel_01/panel_04,0.827203624765566
test_cross_panel,PCC,equal,panel_02/panel_03,0.8176350592992702
test_cross_panel,PCC,equal,panel_02/panel_04,0.8487776201702106
test_cross_panel,PCC,equal,panel_03/panel_04,0.8590304184271794
test_cross_panel,RMSE,equal,panel_01/panel_02,0.3890498351076952
test_cross_panel,RMSE,equal,panel_01/panel_03,0.3600365344549912
test_cross_panel,RMSE,equal,panel_01/panel_04,0.3432580851460571
test_cross_panel,RMSE,equal,panel_02/panel_03,0.3412171813387311
test_cross_panel,RMSE,equal,panel_02/panel_04,0.2965684625461081
test_cross_panel,RMSE,equal,panel_03/panel_04,0.2951574542976646
test_cross_panel,peak_Jaccard,equal,panel_01/panel_02,0.4043056282017777
test_cross_panel,peak_Jaccard,equal,panel_01/panel_03,0.4536068838785685
test_cross_panel,peak_Jaccard,equal,panel_01/panel_04,0.4647998955556774
test_cross_panel,peak_Jaccard,equal,panel_02/panel_03,0.4527967065975435
test_cross_panel,peak_Jaccard,equal,panel_02/panel_04,0.4883286841328078
test_cross_panel,peak_Jaccard,equal,panel_03/panel_04,0.516247630641124
selected_validation_fit,PCC,equal,panel_01,0.3291424512863159
selected_validation_fit,PCC,equal,panel_02,0.3140613138675689
selected_validation_fit,PCC,equal,panel_03,0.322399765253067
selected_validation_fit,PCC,equal,panel_04,0.3166994154453277
selected_validation_fit,replica_NLL,equal,panel_01,0.4415871500968933
selected_validation_fit,replica_NLL,equal,panel_02,0.4419116079807281
selected_validation_fit,replica_NLL,equal,panel_03,0.4619677364826202
selected_validation_fit,replica_NLL,equal,panel_04,0.4444998502731323
test_cross_panel,PCC,ranked_p1,panel_01/panel_02,0.7524406517340081
test_cross_panel,PCC,ranked_p1,panel_01/panel_03,0.841764211088889
test_cross_panel,PCC,ranked_p1,panel_01/panel_04,0.8634876597213103
test_cross_panel,PCC,ranked_p1,panel_02/panel_03,0.7727101688539373
test_cross_panel,PCC,ranked_p1,panel_02/panel_04,0.8457234560607645
test_cross_panel,PCC,ranked_p1,panel_03/panel_04,0.8898970349284833
test_cross_panel,RMSE,ranked_p1,panel_01/panel_02,0.4771778720866512
test_cross_panel,RMSE,ranked_p1,panel_01/panel_03,0.3639166582462737
test_cross_panel,RMSE,ranked_p1,panel_01/panel_04,0.3352247182035194
test_cross_panel,RMSE,ranked_p1,panel_02/panel_03,0.4600397392745505
test_cross_panel,RMSE,ranked_p1,panel_02/panel_04,0.3736879159344949
test_cross_panel,RMSE,ranked_p1,panel_03/panel_04,0.3017042171185404
test_cross_panel,peak_Jaccard,ranked_p1,panel_01/panel_02,0.3795400578194001
test_cross_panel,peak_Jaccard,ranked_p1,panel_01/panel_03,0.4725820621225878
test_cross_panel,peak_Jaccard,ranked_p1,panel_01/panel_04,0.5088589603664555
test_cross_panel,peak_Jaccard,ranked_p1,panel_02/panel_03,0.4079647041822529
test_cross_panel,peak_Jaccard,ranked_p1,panel_02/panel_04,0.4676637306512005
test_cross_panel,peak_Jaccard,ranked_p1,panel_03/panel_04,0.5525333403245526
selected_validation_fit,PCC,ranked_p1,panel_01,0.3315823972225189
selected_validation_fit,PCC,ranked_p1,panel_02,0.3155903220176697
selected_validation_fit,PCC,ranked_p1,panel_03,0.3187655210494995
selected_validation_fit,PCC,ranked_p1,panel_04,0.3156060576438904
selected_validation_fit,replica_NLL,ranked_p1,panel_01,0.4411754906177521
selected_validation_fit,replica_NLL,ranked_p1,panel_02,0.4409365057945251
selected_validation_fit,replica_NLL,ranked_p1,panel_03,0.461054265499115
selected_validation_fit,replica_NLL,ranked_p1,panel_04,0.4437867105007171
